<!DOCTYPE PATCH  SYSTEM "http://vvvv.org/versions/vvvv40beta23.dtd" >
   <PATCH nodename="C:\white_cat\ressources\vvvv\patchs\lecteur_video.v4p">
   <BOUNDS height="7740" left="0" top="3975" type="Window" width="19950">
   </BOUNDS>
   <NODE componentmode="InABox" id="73" nodename="IOBox (Value Advanced)">
   <BOUNDS height="0" left="750" top="15" type="Node" width="0">
   </BOUNDS>
   <BOUNDS height="240" left="750" top="15" type="Box" width="795">
   </BOUNDS>
   <BOUNDS height="160" left="7530" top="4725" type="Window" width="215">
   </BOUNDS>
   <PIN pinname="Descriptive Name" slicecount="1" values="DMX-IN">
   </PIN>
   <PIN pinname="Y Output Value" visible="1">
   </PIN>
   </NODE>
   <NODE componentmode="InABox" id="72" nodename="IOBox (Value Advanced)">
   <BOUNDS height="0" left="1470" top="855" type="Node" width="0">
   </BOUNDS>
   <BOUNDS height="240" left="1470" top="855" type="Box" width="795">
   </BOUNDS>
   <BOUNDS height="160" left="8430" top="3750" type="Window" width="215">
   </BOUNDS>
   <PIN pinname="Descriptive Name" slicecount="1" values="|play(num circuit)|">
   </PIN>
   <PIN pinname="Y Output Value" visible="1">
   </PIN>
   </NODE>
   <NODE componentmode="Hidden" id="71" nodename="Subtract (Value)">
   <BOUNDS height="0" left="2175" top="2130" type="Node" width="0">
   </BOUNDS>
   <PIN pinname="Input 1" visible="1">
   </PIN>
   <PIN pinname="Input 2" visible="1">
   </PIN>
   <PIN pinname="Output" visible="1">
   </PIN>
   </NODE>
   <NODE componentmode="InABox" id="70" nodename="IOBox (Value Advanced)">
   <BOUNDS height="0" left="1665" top="1500" type="Node" width="0">
   </BOUNDS>
   <BOUNDS height="240" left="1665" top="1500" type="Box" width="795">
   </BOUNDS>
   <BOUNDS height="160" left="8505" top="4260" type="Window" width="215">
   </BOUNDS>
   <PIN pinname="Y Output Value" visible="1">
   </PIN>
   <PIN pinname="Y Input Value" slicecount="1" values="1">
   </PIN>
   </NODE>
   <NODE componentmode="InABox" id="69" nodename="IOBox (Value Advanced)">
   <BOUNDS height="0" left="16875" top="1065" type="Node" width="0">
   </BOUNDS>
   <BOUNDS height="240" left="16875" top="1065" type="Box" width="795">
   </BOUNDS>
   <BOUNDS height="160" left="8430" top="3750" type="Window" width="215">
   </BOUNDS>
   <PIN pinname="Descriptive Name" slicecount="1" values="|position fichier ( preset)|">
   </PIN>
   <PIN pinname="Y Output Value" visible="1">
   </PIN>
   </NODE>
   <NODE componentmode="Hidden" id="68" nodename="Subtract (Value)">
   <BOUNDS height="0" left="17610" top="2220" type="Node" width="0">
   </BOUNDS>
   <PIN pinname="Input 1" visible="1">
   </PIN>
   <PIN pinname="Input 2" visible="1">
   </PIN>
   <PIN pinname="Descriptive Name" slicecount="1" values="||">
   </PIN>
   <PIN pinname="Output" visible="1">
   </PIN>
   </NODE>
   <NODE componentmode="InABox" id="67" nodename="IOBox (Value Advanced)">
   <BOUNDS height="0" left="17115" top="1545" type="Node" width="0">
   </BOUNDS>
   <BOUNDS height="240" left="17115" top="1545" type="Box" width="795">
   </BOUNDS>
   <BOUNDS height="160" left="8505" top="4260" type="Window" width="215">
   </BOUNDS>
   <PIN pinname="Y Output Value" visible="1">
   </PIN>
   <PIN pinname="Y Input Value" slicecount="1" values="1">
   </PIN>
   <PIN pinname="Descriptive Name" slicecount="1" values="||">
   </PIN>
   </NODE>
   <NODE componentmode="InABox" id="66" nodename="IOBox (Value Advanced)">
   <BOUNDS height="0" left="9015" top="990" type="Node" width="0">
   </BOUNDS>
   <BOUNDS height="240" left="9015" top="990" type="Box" width="795">
   </BOUNDS>
   <BOUNDS height="160" left="11520" top="4215" type="Window" width="215">
   </BOUNDS>
   <PIN pinname="Descriptive Name" slicecount="1" values="|Seek (num circuit)|">
   </PIN>
   <PIN pinname="Y Output Value" visible="1">
   </PIN>
   </NODE>
   <NODE componentmode="InABox" id="65" nodename="IOBox (Value Advanced)">
   <BOUNDS height="0" left="3360" top="945" type="Node" width="0">
   </BOUNDS>
   <BOUNDS height="240" left="3360" top="945" type="Box" width="795">
   </BOUNDS>
   <BOUNDS height="160" left="12555" top="3690" type="Window" width="215">
   </BOUNDS>
   <PIN pinname="Descriptive Name" slicecount="1" values="|Loop(num circuit)|">
   </PIN>
   <PIN pinname="Y Output Value" visible="1">
   </PIN>
   </NODE>
   <NODE componentmode="Hidden" id="64" nodename="Subtract (Value)">
   <BOUNDS height="0" left="9765" top="2160" type="Node" width="0">
   </BOUNDS>
   <PIN pinname="Input 1" visible="1">
   </PIN>
   <PIN pinname="Input 2" visible="1">
   </PIN>
   <PIN pinname="Output" visible="1">
   </PIN>
   </NODE>
   <NODE componentmode="InABox" id="63" nodename="IOBox (Value Advanced)">
   <BOUNDS height="0" left="9270" top="1485" type="Node" width="0">
   </BOUNDS>
   <BOUNDS height="240" left="9270" top="1485" type="Box" width="795">
   </BOUNDS>
   <BOUNDS height="160" left="8505" top="4260" type="Window" width="215">
   </BOUNDS>
   <PIN pinname="Y Output Value" visible="1">
   </PIN>
   <PIN pinname="Y Input Value" slicecount="1" values="1">
   </PIN>
   </NODE>
   <NODE componentmode="Hidden" id="62" nodename="Subtract (Value)">
   <BOUNDS height="0" left="4110" top="2085" type="Node" width="0">
   </BOUNDS>
   <PIN pinname="Input 1" visible="1">
   </PIN>
   <PIN pinname="Input 2" visible="1">
   </PIN>
   <PIN pinname="Descriptive Name" slicecount="1" values="||">
   </PIN>
   <PIN pinname="Output" visible="1">
   </PIN>
   </NODE>
   <NODE componentmode="InABox" id="61" nodename="IOBox (Value Advanced)">
   <BOUNDS height="0" left="3615" top="1410" type="Node" width="0">
   </BOUNDS>
   <BOUNDS height="240" left="3615" top="1410" type="Box" width="795">
   </BOUNDS>
   <BOUNDS height="160" left="8505" top="4260" type="Window" width="215">
   </BOUNDS>
   <PIN pinname="Y Output Value" visible="1">
   </PIN>
   <PIN pinname="Y Input Value" slicecount="1" values="1">
   </PIN>
   <PIN pinname="Descriptive Name" slicecount="1" values="||">
   </PIN>
   </NODE>
   <NODE componentmode="Hidden" id="60" nodename="GetSlice (Spreads)">
   <BOUNDS height="0" left="1500" top="2835" type="Node" width="0">
   </BOUNDS>
   <PIN pinname="Input" visible="1">
   </PIN>
   <PIN pinname="Index" visible="1">
   </PIN>
   <PIN pinname="Output" visible="1">
   </PIN>
   </NODE>
   <NODE componentmode="Hidden" id="59" nodename="GetSlice (Spreads)">
   <BOUNDS height="0" left="16770" top="2865" type="Node" width="0">
   </BOUNDS>
   <PIN pinname="Input" visible="1">
   </PIN>
   <PIN pinname="Index" visible="1">
   </PIN>
   <PIN pinname="Output" visible="1">
   </PIN>
   </NODE>
   <NODE componentmode="Hidden" id="58" nodename="GetSlice (Spreads)">
   <BOUNDS height="0" left="9075" top="4005" type="Node" width="0">
   </BOUNDS>
   <PIN pinname="Input" visible="1">
   </PIN>
   <PIN pinname="Index" visible="1">
   </PIN>
   <PIN pinname="Output" visible="1">
   </PIN>
   </NODE>
   <NODE componentmode="Hidden" id="57" nodename="GetSlice (Spreads)">
   <BOUNDS height="0" left="3405" top="3345" type="Node" width="0">
   </BOUNDS>
   <PIN pinname="Input" visible="1">
   </PIN>
   <PIN pinname="Index" visible="1">
   </PIN>
   <PIN pinname="Output" visible="1">
   </PIN>
   </NODE>
   <NODE componentmode="InABox" id="56" nodename="IOBox (Value Advanced)">
   <BOUNDS height="0" left="765" top="3360" type="Node" width="0">
   </BOUNDS>
   <BOUNDS height="240" left="765" top="3360" type="Box" width="795">
   </BOUNDS>
   <BOUNDS height="160" left="2475" top="6675" type="Window" width="215">
   </BOUNDS>
   <PIN pinname="Y Input Value" visible="1">
   </PIN>
   <PIN pinname="Y Output Value" visible="1">
   </PIN>
   </NODE>
   <NODE componentmode="InABox" id="55" nodename="IOBox (Value Advanced)">
   <BOUNDS height="0" left="16035" top="3390" type="Node" width="0">
   </BOUNDS>
   <BOUNDS height="240" left="16035" top="3390" type="Box" width="795">
   </BOUNDS>
   <BOUNDS height="160" left="2475" top="6675" type="Window" width="215">
   </BOUNDS>
   <PIN pinname="Y Input Value" visible="1">
   </PIN>
   <PIN pinname="Y Output Value" visible="1">
   </PIN>
   </NODE>
   <NODE componentmode="InABox" id="54" nodename="IOBox (Value Advanced)">
   <BOUNDS height="0" left="8340" top="4590" type="Node" width="0">
   </BOUNDS>
   <BOUNDS height="240" left="8340" top="4590" type="Box" width="795">
   </BOUNDS>
   <BOUNDS height="160" left="2475" top="6675" type="Window" width="215">
   </BOUNDS>
   <PIN pinname="Y Input Value" visible="1">
   </PIN>
   <PIN pinname="Y Output Value" visible="1">
   </PIN>
   </NODE>
   <NODE componentmode="InABox" id="53" nodename="IOBox (Value Advanced)">
   <BOUNDS height="0" left="2670" top="3870" type="Node" width="0">
   </BOUNDS>
   <BOUNDS height="240" left="2670" top="3870" type="Box" width="795">
   </BOUNDS>
   <BOUNDS height="160" left="2475" top="6675" type="Window" width="215">
   </BOUNDS>
   <PIN pinname="Y Input Value" visible="1">
   </PIN>
   <PIN pinname="Y Output Value" visible="1">
   </PIN>
   </NODE>
   <NODE componentmode="Hidden" id="52" nodename="FileStream (DShow9)">
   <BOUNDS height="270" left="1485" top="7755" type="Node" width="13380">
   </BOUNDS>
   <PIN pinname="Play" visible="1">
   </PIN>
   <PIN pinname="Do Seek" visible="1">
   </PIN>
   <PIN pinname="Loop" visible="1">
   </PIN>
   <PIN pinname="Filename" visible="1">
   </PIN>
   <PIN pinname="Video" visible="1">
   </PIN>
   <PIN pinname="Audio" visible="1">
   </PIN>
   <PIN pinname="Duration" visible="1">
   </PIN>
   <PIN pinname="Position" visible="1">
   </PIN>
   <PIN pinname="End Time" visible="1">
   </PIN>
   </NODE>
   <NODE componentmode="InABox" id="51" nodename="IOBox (String)">
   <BOUNDS height="0" left="14895" top="1035" type="Node" width="0">
   </BOUNDS>
   <BOUNDS height="240" left="14895" top="1035" type="Box" width="795">
   </BOUNDS>
   <BOUNDS height="160" left="10545" top="3390" type="Window" width="215">
   </BOUNDS>
   <PIN pinname="Descriptive Name" slicecount="1" values="|dossier videos|">
   </PIN>
   <PIN pinname="Output String" visible="1">
   </PIN>
   </NODE>
   <NODE componentmode="Hidden" id="50" nodename="Map (Value)">
   <BOUNDS height="0" left="16785" top="3855" type="Node" width="0">
   </BOUNDS>
   <PIN pinname="Input" visible="1">
   </PIN>
   <PIN pinname="Output" visible="1">
   </PIN>
   <PIN pinname="Destination Maximum" visible="1">
   </PIN>
   </NODE>
   <NODE componentmode="Hidden" id="49" nodename="Frac (Value)">
   <BOUNDS height="0" left="16785" top="4305" type="Node" width="0">
   </BOUNDS>
   <PIN pinname="Input" visible="1">
   </PIN>
   <PIN pinname="Whole Part" visible="1">
   </PIN>
   </NODE>
   <NODE componentmode="InABox" id="48" nodename="IOBox (Value Advanced)">
   <BOUNDS height="0" left="16035" top="4845" type="Node" width="0">
   </BOUNDS>
   <BOUNDS height="240" left="16035" top="4845" type="Box" width="795">
   </BOUNDS>
   <BOUNDS height="160" left="3900" top="7485" type="Window" width="215">
   </BOUNDS>
   <PIN pinname="Y Input Value" visible="1">
   </PIN>
   <PIN pinname="Y Output Value" visible="1">
   </PIN>
   </NODE>
   <NODE componentmode="InABox" id="47" nodename="IOBox (String)">
   <BOUNDS height="270" left="705" top="3780" type="Node" width="1035">
   </BOUNDS>
   <BOUNDS height="270" left="705" top="3780" type="Box" width="1035">
   </BOUNDS>
   <BOUNDS height="160" left="0" top="0" type="Window" width="215">
   </BOUNDS>
   <PIN pinname="Input String" slicecount="1" visible="0" values="|//play pause|">
   </PIN>
   <PIN pinname="Output String" visible="0">
   </PIN>
   <PIN pinname="Show Grid" slicecount="1" values="0">
   </PIN>
   </NODE>
   <NODE componentmode="InABox" id="46" nodename="IOBox (String)">
   <BOUNDS height="270" left="17115" top="4830" type="Node" width="2160">
   </BOUNDS>
   <BOUNDS height="270" left="17115" top="4830" type="Box" width="2160">
   </BOUNDS>
   <BOUNDS height="160" left="0" top="0" type="Window" width="215">
   </BOUNDS>
   <PIN pinname="Input String" slicecount="1" visible="0" values="|//position de fichier (0 a 20)|">
   </PIN>
   <PIN pinname="Output String" visible="0">
   </PIN>
   <PIN pinname="Show Grid" slicecount="1" values="0">
   </PIN>
   </NODE>
   <NODE componentmode="InABox" id="45" nodename="IOBox (Value Advanced)">
   <BOUNDS height="0" left="16860" top="3405" type="Node" width="0">
   </BOUNDS>
   <BOUNDS height="240" left="16860" top="3405" type="Box" width="795">
   </BOUNDS>
   <BOUNDS height="160" left="4365" top="6165" type="Window" width="215">
   </BOUNDS>
   <PIN pinname="Y Output Value" visible="1">
   </PIN>
   <PIN pinname="Y Input Value" slicecount="1" values="20">
   </PIN>
   </NODE>
   <NODE componentmode="Hidden" id="44" nodename="GetSlice (String)">
   <BOUNDS height="0" left="14820" top="5835" type="Node" width="0">
   </BOUNDS>
   <PIN pinname="Input" visible="1">
   </PIN>
   <PIN pinname="Index" visible="1">
   </PIN>
   <PIN pinname="Output" visible="1">
   </PIN>
   </NODE>
   <NODE componentmode="Hidden" id="43" nodename="GT (Value)">
   <BOUNDS height="0" left="3420" top="5385" type="Node" width="0">
   </BOUNDS>
   <PIN pinname="Input 1" visible="1">
   </PIN>
   <PIN pinname="Output" visible="1">
   </PIN>
   </NODE>
   <LINK dstnodeid="60" dstpinname="Input" srcnodeid="73" srcpinname="Y Output Value">
   </LINK>
   <LINK dstnodeid="59" dstpinname="Input" srcnodeid="73" srcpinname="Y Output Value">
   </LINK>
   <LINK dstnodeid="58" dstpinname="Input" srcnodeid="73" srcpinname="Y Output Value">
   </LINK>
   <LINK dstnodeid="57" dstpinname="Input" srcnodeid="73" srcpinname="Y Output Value">
   </LINK>
   <LINK dstnodeid="71" dstpinname="Input 1" srcnodeid="72" srcpinname="Y Output Value">
   </LINK>
   <LINK dstnodeid="60" dstpinname="Index" srcnodeid="71" srcpinname="Output">
   </LINK>
   <LINK dstnodeid="71" dstpinname="Input 2" srcnodeid="70" srcpinname="Y Output Value">
   </LINK>
   <LINK dstnodeid="68" dstpinname="Input 1" srcnodeid="69" srcpinname="Y Output Value">
   </LINK>
   <LINK dstnodeid="59" dstpinname="Index" srcnodeid="68" srcpinname="Output">
   </LINK>
   <LINK dstnodeid="68" dstpinname="Input 2" srcnodeid="67" srcpinname="Y Output Value">
   </LINK>
   <LINK dstnodeid="64" dstpinname="Input 1" srcnodeid="66" srcpinname="Y Output Value">
   </LINK>
   <LINK dstnodeid="62" dstpinname="Input 1" srcnodeid="65" srcpinname="Y Output Value">
   </LINK>
   <LINK dstnodeid="58" dstpinname="Index" srcnodeid="64" srcpinname="Output">
   </LINK>
   <LINK dstnodeid="64" dstpinname="Input 2" srcnodeid="63" srcpinname="Y Output Value">
   </LINK>
   <LINK dstnodeid="57" dstpinname="Index" srcnodeid="62" srcpinname="Output">
   </LINK>
   <LINK dstnodeid="62" dstpinname="Input 2" srcnodeid="61" srcpinname="Y Output Value">
   </LINK>
   <LINK dstnodeid="56" dstpinname="Y Input Value" srcnodeid="60" srcpinname="Output">
   </LINK>
   <LINK dstnodeid="55" dstpinname="Y Input Value" srcnodeid="59" srcpinname="Output">
   </LINK>
   <LINK dstnodeid="54" dstpinname="Y Input Value" srcnodeid="58" srcpinname="Output">
   </LINK>
   <LINK dstnodeid="53" dstpinname="Y Input Value" srcnodeid="57" srcpinname="Output">
   </LINK>
   <LINK dstnodeid="52" dstpinname="Play" srcnodeid="56" srcpinname="Y Output Value">
   </LINK>
   <LINK dstnodeid="50" dstpinname="Input" srcnodeid="55" srcpinname="Y Output Value">
   </LINK>
   <LINK dstnodeid="43" dstpinname="Input 1" srcnodeid="53" srcpinname="Y Output Value">
   </LINK>
   <LINK dstnodeid="49" dstpinname="Input" srcnodeid="50" srcpinname="Output">
   </LINK>
   <LINK dstnodeid="48" dstpinname="Y Input Value" srcnodeid="49" srcpinname="Whole Part">
   </LINK>
   <LINK dstnodeid="44" dstpinname="Index" srcnodeid="48" srcpinname="Y Output Value">
   </LINK>
   <LINK dstnodeid="50" dstpinname="Destination Maximum" srcnodeid="45" srcpinname="Y Output Value">
   </LINK>
   <LINK dstnodeid="52" dstpinname="Filename" srcnodeid="44" srcpinname="Output">
   </LINK>
   <LINK dstnodeid="52" dstpinname="Loop" srcnodeid="43" srcpinname="Output">
   </LINK>
   <NODE componentmode="Hidden" id="42" nodename="Quad (DX9)">
   <BOUNDS height="270" left="5595" top="14220" type="Node" width="5745">
   </BOUNDS>
   <PIN pinname="Texture" visible="1">
   </PIN>
   <PIN pinname="Layer" visible="1">
   </PIN>
   <PIN pinname="Transform" visible="1">
   </PIN>
   <PIN pinname="Color" visible="1">
   </PIN>
   </NODE>
   <NODE componentmode="Hidden" id="41" nodename="VideoTexture (EX9.Texture VMR9)">
   <BOUNDS height="0" left="3450" top="12750" type="Node" width="0">
   </BOUNDS>
   <PIN pinname="Video" visible="1">
   </PIN>
   <PIN pinname="Texture Out" visible="1">
   </PIN>
   </NODE>
   <LINK dstnodeid="41" dstpinname="Video" srcnodeid="52" srcpinname="Video">
   </LINK>
   <LINK dstnodeid="42" dstpinname="Texture" srcnodeid="41" srcpinname="Texture Out">
   </LINK>
   <NODE componentmode="Hidden" id="40" nodename="GT (Value)">
   <BOUNDS height="0" left="9075" top="5265" type="Node" width="0">
   </BOUNDS>
   <PIN pinname="Input 1" visible="1">
   </PIN>
   <PIN pinname="Output" visible="1">
   </PIN>
   </NODE>
   <LINK dstnodeid="40" dstpinname="Input 1" srcnodeid="54" srcpinname="Y Output Value">
   </LINK>
   <LINK dstnodeid="52" dstpinname="Do Seek" srcnodeid="40" srcpinname="Output">
   </LINK>
   <NODE componentmode="Hidden" id="39" nodename="Map (Value)">
   <BOUNDS height="0" left="20190" top="8415" type="Node" width="0">
   </BOUNDS>
   <PIN pinname="Destination Minimum" visible="1">
   </PIN>
   <PIN pinname="Destination Maximum" visible="1">
   </PIN>
   <PIN pinname="Input" visible="1">
   </PIN>
   <PIN pinname="Output" visible="1">
   </PIN>
   </NODE>
   <NODE componentmode="InABox" id="38" nodename="IOBox (Value Advanced)">
   <BOUNDS height="0" left="19200" top="6765" type="Node" width="0">
   </BOUNDS>
   <BOUNDS height="240" left="19200" top="6765" type="Box" width="795">
   </BOUNDS>
   <BOUNDS height="160" left="12210" top="7380" type="Window" width="215">
   </BOUNDS>
   <PIN pinname="Y Output Value" visible="1">
   </PIN>
   <PIN pinname="Y Input Value" slicecount="1" values="-100">
   </PIN>
   <PIN pinname="Descriptive Name" slicecount="1" values="|Pied de coube (-100 / 0 db)|">
   </PIN>
   </NODE>
   <LINK dstnodeid="39" dstpinname="Destination Minimum" srcnodeid="38" srcpinname="Y Output Value">
   </LINK>
   <NODE componentmode="InABox" id="37" nodename="IOBox (Value Advanced)">
   <BOUNDS height="0" left="21285" top="6750" type="Node" width="0">
   </BOUNDS>
   <BOUNDS height="240" left="21285" top="6750" type="Box" width="795">
   </BOUNDS>
   <BOUNDS height="160" left="12675" top="6960" type="Window" width="215">
   </BOUNDS>
   <PIN pinname="Y Output Value" visible="1">
   </PIN>
   <PIN pinname="Y Input Value" slicecount="1" values="0">
   </PIN>
   <PIN pinname="Descriptive Name" slicecount="1" values="|Max courbe (-100 / 0 db)|">
   </PIN>
   </NODE>
   <LINK dstnodeid="39" dstpinname="Destination Maximum" srcnodeid="37" srcpinname="Y Output Value">
   </LINK>
   <NODE componentmode="InABox" hiddenwhenlocked="0" id="36" managers="" nodename="IOBox (Value Advanced)">
   <BOUNDS height="0" left="22695" top="4755" type="Node" width="0">
   </BOUNDS>
   <BOUNDS height="270" left="22695" top="4755" type="Box" width="450">
   </BOUNDS>
   <BOUNDS height="160" left="1605" top="2250" type="Window" width="215">
   </BOUNDS>
   <PIN pinname="Y Input Value" pintype="Input" slicecount="1" visible="1" values="180">
   </PIN>
   <PIN pinname="Y Output Value" pintype="Output" visible="1">
   </PIN>
   <PIN pinname="Descriptive Name" pintype="Configuration" slicecount="1" values="||">
   </PIN>
   <PIN pinname="SliceCount Mode" pintype="Configuration" slicecount="1" values="Input">
   </PIN>
   <PIN pinname="Columns" pintype="Configuration" slicecount="1" values="1">
   </PIN>
   <PIN pinname="Rows" pintype="Configuration" slicecount="1" values="1">
   </PIN>
   <PIN pinname="Pages" pintype="Configuration" slicecount="1" values="1">
   </PIN>
   <PIN pinname="Show SliceIndex" pintype="Configuration" slicecount="1" values="0">
   </PIN>
   <PIN pinname="Font" pintype="Configuration" slicecount="1" values="|Lucida Sans Unicode|">
   </PIN>
   <PIN pinname="Size" pintype="Configuration" slicecount="1" values="7">
   </PIN>
   <PIN pinname="Show Grid" pintype="Configuration" slicecount="1" values="0">
   </PIN>
   <PIN pinname="Show Value" pintype="Configuration" slicecount="1" values="1">
   </PIN>
   <PIN pinname="Show Slider" pintype="Configuration" slicecount="1" values="0">
   </PIN>
   <PIN pinname="Show Connections" pintype="Configuration" slicecount="1" values="0">
   </PIN>
   <PIN pinname="Show Background" pintype="Configuration" slicecount="1" values="0">
   </PIN>
   <PIN pinname="Sticky Slider" pintype="Configuration" slicecount="1" values="1">
   </PIN>
   <PIN pinname="Allow MouseOffset" pintype="Configuration" slicecount="1" values="1">
   </PIN>
   <PIN pinname="Minimum" pintype="Configuration" slicecount="1" values="-1000">
   </PIN>
   <PIN pinname="Maximum" pintype="Configuration" slicecount="1" values="1000">
   </PIN>
   <PIN pinname="Slider Alignment" pintype="Configuration" slicecount="1" values="Grid">
   </PIN>
   <PIN pinname="Slider Constraints" pintype="Configuration" slicecount="1" values="scX">
   </PIN>
   <PIN pinname="Slider Behavior" pintype="Configuration" slicecount="1" values="Endless">
   </PIN>
   <PIN pinname="SliceOffset" pintype="Input" slicecount="1" visible="0" values="0">
   </PIN>
   <PIN pinname="X Input Value" pintype="Input" slicecount="1" visible="0" values="0">
   </PIN>
   <PIN pinname="X Output Value" pintype="Output" visible="0">
   </PIN>
   <PIN pinname="ID" pintype="Output" visible="-1">
   </PIN>
   </NODE>
   <NODE hiddenwhenlocked="0" id="35" managers="" nodename="LinearSpread (Spreads)">
   <PIN pinname="Spread Count" pintype="Input" visible="1">
   </PIN>
   <BOUNDS height="0" left="22125" top="5130" type="Node" width="0">
   </BOUNDS>
   <PIN pinname="Width" pintype="Input" slicecount="1" visible="1" values="1">
   </PIN>
   <PIN pinname="Input" pintype="Input" slicecount="1" visible="1" values="0">
   </PIN>
   <PIN pinname="Alignment" pintype="Input" slicecount="1" visible="1" values="Block">
   </PIN>
   <PIN pinname="Output" pintype="Output" visible="1">
   </PIN>
   <PIN pinname="Descriptive Name" pintype="Configuration" slicecount="1" values="||">
   </PIN>
   <PIN pinname="Phase" pintype="Input" slicecount="1" visible="1" values="0">
   </PIN>
   <PIN pinname="ID" pintype="Output" visible="-1">
   </PIN>
   </NODE>
   <LINK dstnodeid="35" dstpinname="Spread Count" srcnodeid="36" srcpinname="Y Output Value">
   </LINK>
   <NODE componentmode="Hidden" id="34" nodename="AudioOut (DShow9)">
   <BOUNDS height="0" left="19140" top="11460" type="Node" width="0">
   </BOUNDS>
   <PIN pinname="Audio" visible="1">
   </PIN>
   <PIN pinname="Volume" visible="1">
   </PIN>
   <PIN pinname="Pan" visible="1">
   </PIN>
   <PIN pinname="Driver" visible="1">
   </PIN>
   </NODE>
   <LINK dstnodeid="34" dstpinname="Audio" srcnodeid="52" srcpinname="Audio">
   </LINK>
   <NODE componentmode="InABox" id="33" nodename="IOBox (Value Advanced)">
   <BOUNDS height="0" left="25875" top="2910" type="Node" width="0">
   </BOUNDS>
   <BOUNDS height="240" left="25875" top="2910" type="Box" width="780">
   </BOUNDS>
   <BOUNDS height="160" left="7380" top="7215" type="Window" width="215">
   </BOUNDS>
   <PIN pinname="Descriptive Name" slicecount="1" values="|volume (num de circuit)|">
   </PIN>
   <PIN pinname="Y Output Value" visible="1">
   </PIN>
   </NODE>
   <NODE componentmode="Hidden" id="32" nodename="GetSlice (Spreads)">
   <BOUNDS height="0" left="18510" top="9960" type="Node" width="0">
   </BOUNDS>
   <PIN pinname="Output" visible="1">
   </PIN>
   <PIN pinname="Index" visible="1">
   </PIN>
   <PIN pinname="Input" visible="1">
   </PIN>
   </NODE>
   <NODE componentmode="Hidden" id="31" nodename="GetSlice (Spreads)">
   <BOUNDS height="0" left="25395" top="5010" type="Node" width="0">
   </BOUNDS>
   <PIN pinname="Index" visible="1">
   </PIN>
   <PIN pinname="Input" visible="1">
   </PIN>
   <PIN pinname="Output" visible="1">
   </PIN>
   </NODE>
   <LINK dstnodeid="31" dstpinname="Input" srcnodeid="73" srcpinname="Y Output Value">
   </LINK>
   <LINK dstnodeid="34" dstpinname="Pan" srcnodeid="32" srcpinname="Output">
   </LINK>
   <NODE componentmode="InABox" id="30" nodename="IOBox (Value Advanced)">
   <BOUNDS height="0" left="18465" top="9060" type="Node" width="0">
   </BOUNDS>
   <BOUNDS height="240" left="18465" top="9060" type="Box" width="795">
   </BOUNDS>
   <BOUNDS height="160" left="7260" top="8940" type="Window" width="215">
   </BOUNDS>
   <PIN pinname="Descriptive Name" slicecount="1" values="|Pan (num de circuit)|">
   </PIN>
   <PIN pinname="Y Output Value" visible="1">
   </PIN>
   </NODE>
   <LINK dstnodeid="32" dstpinname="Index" srcnodeid="30" srcpinname="Y Output Value">
   </LINK>
   <LINK dstnodeid="32" dstpinname="Input" srcnodeid="73" srcpinname="Y Output Value">
   </LINK>
   <NODE componentmode="InABox" id="29" nodename="IOBox (Enumerations)">
   <BOUNDS height="0" left="19905" top="10620" type="Node" width="0">
   </BOUNDS>
   <BOUNDS height="375" left="19905" top="10620" type="Box" width="4335">
   </BOUNDS>
   <BOUNDS height="160" left="9225" top="9405" type="Window" width="215">
   </BOUNDS>
   <PIN pinname="Output Enum" visible="1">
   </PIN>
   <PIN pinname="Input Enum" slicecount="1" values="|Default DirectSound Device|">
   </PIN>
   <PIN pinname="Descriptive Name" slicecount="1" values="|Driver Audio|">
   </PIN>
   </NODE>
   <LINK dstnodeid="34" dstpinname="Driver" srcnodeid="29" srcpinname="Output Enum">
   </LINK>
   <NODE componentmode="InABox" id="28" nodename="IOBox (String)">
   <BOUNDS height="0" left="14325" top="8325" type="Node" width="0">
   </BOUNDS>
   <BOUNDS height="240" left="14325" top="8325" type="Box" width="795">
   </BOUNDS>
   <BOUNDS height="160" left="9990" top="8820" type="Window" width="215">
   </BOUNDS>
   <PIN pinname="Input String" visible="1">
   </PIN>
   <PIN pinname="Descriptive Name" slicecount="1" values="|NOM fichier choisi|">
   </PIN>
   </NODE>
   <LINK dstnodeid="28" dstpinname="Input String" srcnodeid="44" srcpinname="Output">
   </LINK>
   <NODE componentmode="InABox" id="27" nodename="IOBox (Value Advanced)">
   <BOUNDS height="0" left="16065" top="8310" type="Node" width="0">
   </BOUNDS>
   <BOUNDS height="240" left="16065" top="8310" type="Box" width="795">
   </BOUNDS>
   <BOUNDS height="160" left="16725" top="8190" type="Window" width="215">
   </BOUNDS>
   <PIN pinname="Y Input Value" visible="1">
   </PIN>
   <PIN pinname="Descriptive Name" slicecount="1" values="|Position fichier video|">
   </PIN>
   </NODE>
   <LINK dstnodeid="27" dstpinname="Y Input Value" srcnodeid="48" srcpinname="Y Output Value">
   </LINK>
   <NODE componentmode="Hidden" id="26" nodename="Add (String)">
   <BOUNDS height="0" left="9765" top="10635" type="Node" width="0">
   </BOUNDS>
   <PIN pinname="Input 2" visible="1">
   </PIN>
   <PIN pinname="Intersperse" visible="1">
   </PIN>
   <PIN pinname="Input 1" visible="1">
   </PIN>
   <PIN pinname="Output" visible="1">
   </PIN>
   </NODE>
   <NODE componentmode="Hidden" id="25" nodename="FormatValue (String)">
   <BOUNDS height="0" left="8145" top="8625" type="Node" width="0">
   </BOUNDS>
   <PIN pinname="Input" visible="1">
   </PIN>
   <PIN pinname="Characters after Comma" visible="1">
   </PIN>
   <PIN pinname="Output" visible="1">
   </PIN>
   </NODE>
   <LINK dstnodeid="25" dstpinname="Input" srcnodeid="52" srcpinname="Duration">
   </LINK>
   <NODE componentmode="InABox" id="24" nodename="IOBox (Value Advanced)">
   <BOUNDS height="0" left="7785" top="8190" type="Node" width="0">
   </BOUNDS>
   <BOUNDS height="240" left="7785" top="8190" type="Box" width="795">
   </BOUNDS>
   <BOUNDS height="160" left="9435" top="7605" type="Window" width="215">
   </BOUNDS>
   <PIN pinname="Y Output Value" visible="1">
   </PIN>
   <PIN pinname="Y Input Value" slicecount="1" values="2">
   </PIN>
   </NODE>
   <LINK dstnodeid="25" dstpinname="Characters after Comma" srcnodeid="24" srcpinname="Y Output Value">
   </LINK>
   <LINK dstnodeid="26" dstpinname="Input 2" srcnodeid="25" srcpinname="Output">
   </LINK>
   <NODE componentmode="InABox" id="23" nodename="IOBox (Enumerations)">
   <BOUNDS height="0" left="10125" top="10125" type="Node" width="0">
   </BOUNDS>
   <BOUNDS height="240" left="10125" top="10125" type="Box" width="1560">
   </BOUNDS>
   <BOUNDS height="160" left="9405" top="9375" type="Window" width="215">
   </BOUNDS>
   <PIN pinname="Output Enum" visible="1">
   </PIN>
   <PIN pinname="Input Enum" slicecount="1" values="UnixPath">
   </PIN>
   </NODE>
   <LINK dstnodeid="26" dstpinname="Intersperse" srcnodeid="23" srcpinname="Output Enum">
   </LINK>
   <NODE componentmode="Hidden" id="22" nodename="FormatValue (String)">
   <BOUNDS height="0" left="10365" top="8625" type="Node" width="0">
   </BOUNDS>
   <PIN pinname="Input" visible="1">
   </PIN>
   <PIN pinname="Characters after Comma" visible="1">
   </PIN>
   <PIN pinname="Output" visible="1">
   </PIN>
   </NODE>
   <NODE componentmode="InABox" id="21" nodename="IOBox (Value Advanced)">
   <BOUNDS height="0" left="10140" top="8220" type="Node" width="0">
   </BOUNDS>
   <BOUNDS height="240" left="10140" top="8220" type="Box" width="795">
   </BOUNDS>
   <BOUNDS height="160" left="9435" top="7605" type="Window" width="215">
   </BOUNDS>
   <PIN pinname="Y Output Value" visible="1">
   </PIN>
   <PIN pinname="Y Input Value" slicecount="1" values="2">
   </PIN>
   </NODE>
   <LINK dstnodeid="22" dstpinname="Characters after Comma" srcnodeid="21" srcpinname="Y Output Value">
   </LINK>
   <LINK dstnodeid="22" dstpinname="Input" srcnodeid="52" srcpinname="Position">
   </LINK>
   <LINK dstnodeid="26" dstpinname="Input 1" srcnodeid="22" srcpinname="Output">
   </LINK>
   <NODE componentmode="InABox" id="20" nodename="IOBox (String)">
   <BOUNDS height="0" left="9045" top="11160" type="Node" width="0">
   </BOUNDS>
   <BOUNDS height="240" left="9045" top="11160" type="Box" width="795">
   </BOUNDS>
   <BOUNDS height="160" left="9015" top="9750" type="Window" width="215">
   </BOUNDS>
   <PIN pinname="Input String" visible="1">
   </PIN>
   <PIN pinname="Descriptive Name" slicecount="1" values="|Position vidéo|">
   </PIN>
   </NODE>
   <LINK dstnodeid="20" dstpinname="Input String" srcnodeid="26" srcpinname="Output">
   </LINK>
   <NODE componentmode="Hidden" id="19" nodename="Transform (Transform 2d)">
   <BOUNDS height="0" left="5745" top="12765" type="Node" width="0">
   </BOUNDS>
   <PIN pinname="Transform Out" visible="1">
   </PIN>
   <PIN pinname="TranslateX" visible="1">
   </PIN>
   <PIN pinname="TranslateY" visible="1">
   </PIN>
   <PIN pinname="ScaleX" visible="1">
   </PIN>
   <PIN pinname="ScaleY" visible="1">
   </PIN>
   <PIN pinname="Rotate" visible="1">
   </PIN>
   <PIN pinname="Descriptive Name" slicecount="1" values="|vecteur de transformation (rotate)|">
   </PIN>
   </NODE>
   <LINK dstnodeid="42" dstpinname="Transform" srcnodeid="19" srcpinname="Transform Out">
   </LINK>
   <NODE componentmode="Hidden" id="18" nodename="Vector (4d Split)">
   <BOUNDS height="270" left="6180" top="11925" type="Node" width="1410">
   </BOUNDS>
   <PIN pinname="X" visible="1">
   </PIN>
   <PIN pinname="Y" visible="1">
   </PIN>
   <PIN pinname="Z" visible="1">
   </PIN>
   <PIN pinname="W" visible="1">
   </PIN>
   <PIN pinname="XYZW" visible="1">
   </PIN>
   </NODE>
   <LINK dstnodeid="19" dstpinname="TranslateX" srcnodeid="18" srcpinname="X">
   </LINK>
   <LINK dstnodeid="19" dstpinname="TranslateY" srcnodeid="18" srcpinname="Y">
   </LINK>
   <LINK dstnodeid="19" dstpinname="ScaleX" srcnodeid="18" srcpinname="Z">
   </LINK>
   <LINK dstnodeid="19" dstpinname="ScaleY" srcnodeid="18" srcpinname="W">
   </LINK>
   <NODE componentmode="InABox" id="17" nodename="IOBox (Value Advanced)">
   <BOUNDS height="0" left="5430" top="10155" type="Node" width="0">
   </BOUNDS>
   <BOUNDS height="240" left="5430" top="10155" type="Box" width="795">
   </BOUNDS>
   <BOUNDS height="160" left="7680" top="5370" type="Window" width="215">
   </BOUNDS>
   <PIN pinname="Y Output Value" visible="1">
   </PIN>
   <PIN pinname="Descriptive Name" slicecount="1" values="|vecteur de transformation (x y size x size y)|">
   </PIN>
   </NODE>
   <NODE componentmode="InABox" id="16" nodename="IOBox (Value Advanced)">
   <BOUNDS height="0" left="7230" top="11325" type="Node" width="0">
   </BOUNDS>
   <BOUNDS height="240" left="7230" top="11325" type="Box" width="795">
   </BOUNDS>
   <BOUNDS height="160" left="7830" top="6180" type="Window" width="215">
   </BOUNDS>
   <PIN pinname="Y Output Value" visible="1">
   </PIN>
   <PIN pinname="Descriptive Name" slicecount="1" values="rotate">
   </PIN>
   </NODE>
   <NODE componentmode="Hidden" id="15" nodename="GetSpread (Spreads)">
   <BOUNDS height="0" left="6180" top="11370" type="Node" width="0">
   </BOUNDS>
   <PIN pinname="Input" visible="1">
   </PIN>
   <PIN pinname="Output" visible="1">
   </PIN>
   <PIN pinname="Offset" visible="1">
   </PIN>
   <PIN pinname="Count" visible="1">
   </PIN>
   </NODE>
   <LINK dstnodeid="15" dstpinname="Input" srcnodeid="17" srcpinname="Y Output Value">
   </LINK>
   <LINK dstnodeid="18" dstpinname="XYZW" srcnodeid="15" srcpinname="Output">
   </LINK>
   <NODE componentmode="InABox" id="14" nodename="IOBox (Value Advanced)">
   <BOUNDS height="0" left="6210" top="10740" type="Node" width="0">
   </BOUNDS>
   <BOUNDS height="240" left="6210" top="10740" type="Box" width="840">
   </BOUNDS>
   <BOUNDS height="160" left="6390" top="5745" type="Window" width="215">
   </BOUNDS>
   <PIN pinname="Y Output Value" visible="1">
   </PIN>
   <PIN pinname="Y Input Value" slicecount="1" values="4">
   </PIN>
   </NODE>
   <NODE componentmode="Hidden" id="13" nodename="Subtract (Value)">
   <BOUNDS height="0" left="26640" top="4470" type="Node" width="0">
   </BOUNDS>
   <PIN pinname="Input 1" visible="1">
   </PIN>
   <PIN pinname="Input 2" visible="1">
   </PIN>
   <PIN pinname="Output" visible="1">
   </PIN>
   </NODE>
   <LINK dstnodeid="13" dstpinname="Input 1" srcnodeid="33" srcpinname="Y Output Value">
   </LINK>
   <NODE componentmode="InABox" id="12" nodename="IOBox (Value Advanced)">
   <BOUNDS height="0" left="26265" top="3945" type="Node" width="0">
   </BOUNDS>
   <BOUNDS height="240" left="26265" top="3945" type="Box" width="795">
   </BOUNDS>
   <BOUNDS height="160" left="15210" top="6990" type="Window" width="215">
   </BOUNDS>
   <PIN pinname="Y Output Value" visible="1">
   </PIN>
   <PIN pinname="Y Input Value" slicecount="1" values="1">
   </PIN>
   </NODE>
   <LINK dstnodeid="13" dstpinname="Input 2" srcnodeid="12" srcpinname="Y Output Value">
   </LINK>
   <LINK dstnodeid="31" dstpinname="Index" srcnodeid="13" srcpinname="Output">
   </LINK>
   <LINK dstnodeid="44" dstpinname="Input" srcnodeid="51" srcpinname="Output String">
   </LINK>
   <NODE componentmode="InABox" id="11" nodename="IOBox (Value Advanced)">
   <BOUNDS height="0" left="6405" top="7125" type="Node" width="0">
   </BOUNDS>
   <BOUNDS height="240" left="6405" top="7125" type="Box" width="1455">
   </BOUNDS>
   <BOUNDS height="160" left="5685" top="6090" type="Window" width="215">
   </BOUNDS>
   <PIN pinname="Y Input Value" slicecount="1" values="9999999">
   </PIN>
   <PIN pinname="Y Output Value" visible="1">
   </PIN>
   </NODE>
   <LINK dstnodeid="52" dstpinname="End Time" srcnodeid="11" srcpinname="Y Output Value">
   </LINK>
   <LINK dstnodeid="15" dstpinname="Count" srcnodeid="14" srcpinname="Y Output Value">
   </LINK>
   <NODE componentmode="Hidden" id="10" nodename="Renderer (EX9)">
   <BOUNDS height="0" left="5625" top="17100" type="Node" width="0">
   </BOUNDS>
   <BOUNDS height="1800" left="5625" top="17100" type="Box" width="2400">
   </BOUNDS>
   <BOUNDS height="4860" left="2115" top="4410" type="Window" width="6120">
   </BOUNDS>
   <PIN pinname="Layers" visible="1">
   </PIN>
   <PIN pinname="Backbuffer Width" visible="1">
   </PIN>
   <PIN pinname="Backbuffer Height" visible="1">
   </PIN>
   <PIN pinname="EX9 Out" visible="1">
   </PIN>
   </NODE>
   <NODE componentmode="Hidden" id="9" nodename="R (Value)">
   <BOUNDS height="0" left="6495" top="15405" type="Node" width="0">
   </BOUNDS>
   <PIN pinname="ReceiveString" visible="1">
   </PIN>
   <PIN pinname="Input Value" visible="1">
   </PIN>
   </NODE>
   <NODE componentmode="InABox" id="8" nodename="IOBox (Enumerations)">
   <BOUNDS height="0" left="6495" top="15000" type="Node" width="0">
   </BOUNDS>
   <BOUNDS height="240" left="6495" top="15000" type="Box" width="3045">
   </BOUNDS>
   <BOUNDS height="160" left="1935" top="3870" type="Window" width="215">
   </BOUNDS>
   <PIN pinname="Output Enum" visible="1">
   </PIN>
   <PIN pinname="Input Enum" slicecount="1" values="|resolution de diffusion ( size X Y)|">
   </PIN>
   </NODE>
   <LINK dstnodeid="9" dstpinname="ReceiveString" srcnodeid="8" srcpinname="Output Enum">
   </LINK>
   <NODE componentmode="Hidden" id="7" nodename="Vector (2d Split)">
   <BOUNDS height="0" left="6480" top="15930" type="Node" width="0">
   </BOUNDS>
   <PIN pinname="XY" visible="1">
   </PIN>
   <PIN pinname="X" visible="1">
   </PIN>
   <PIN pinname="Y" visible="1">
   </PIN>
   </NODE>
   <LINK dstnodeid="7" dstpinname="XY" srcnodeid="9" srcpinname="Input Value">
   </LINK>
   <LINK dstnodeid="10" dstpinname="Backbuffer Width" srcnodeid="7" srcpinname="X">
   </LINK>
   <LINK dstnodeid="10" dstpinname="Backbuffer Height" srcnodeid="7" srcpinname="Y">
   </LINK>
   <LINK dstnodeid="10" dstpinname="Layers" srcnodeid="42" srcpinname="Layer">
   </LINK>
   <NODE componentmode="InABox" id="6" nodename="IOBox (String)">
   <BOUNDS height="270" left="6960" top="15360" type="Node" width="1905">
   </BOUNDS>
   <BOUNDS height="270" left="6960" top="15360" type="Box" width="1905">
   </BOUNDS>
   <BOUNDS height="160" left="0" top="0" type="Window" width="215">
   </BOUNDS>
   <PIN pinname="Input String" slicecount="1" visible="0" values="|//resolution de diffusion|">
   </PIN>
   <PIN pinname="Output String" visible="0">
   </PIN>
   <PIN pinname="Show Grid" slicecount="1" values="0">
   </PIN>
   </NODE>
   <NODE componentmode="Hidden" id="5" nodename="DX9Texture (EX9.Texture)">
   <BOUNDS height="0" left="7065" top="17880" type="Node" width="0">
   </BOUNDS>
   <PIN pinname="Source" visible="1">
   </PIN>
   <PIN pinname="Texture Out" visible="1">
   </PIN>
   </NODE>
   <LINK dstnodeid="5" dstpinname="Source" srcnodeid="10" srcpinname="EX9 Out">
   </LINK>
   <NODE componentmode="InABox" id="4" nodename="IOBox (Node)">
   <BOUNDS height="0" left="7080" top="18765" type="Node" width="0">
   </BOUNDS>
   <BOUNDS height="240" left="7080" top="18765" type="Box" width="795">
   </BOUNDS>
   <BOUNDS height="160" left="7590" top="4965" type="Window" width="215">
   </BOUNDS>
   <PIN pinname="Input Node" visible="1">
   </PIN>
   <PIN pinname="Descriptive Name" slicecount="1" values="out(texture)">
   </PIN>
   </NODE>
   <LINK dstnodeid="4" dstpinname="Input Node" srcnodeid="5" srcpinname="Texture Out">
   </LINK>
   <NODE componentmode="Hidden" id="3" nodename="Multiply (Value)">
   <BOUNDS height="0" left="8340" top="10935" type="Node" width="0">
   </BOUNDS>
   <PIN pinname="Input 1" visible="1">
   </PIN>
   <PIN pinname="Input 2" visible="1">
   </PIN>
   <PIN pinname="Output" visible="1">
   </PIN>
   </NODE>
   <LINK dstnodeid="3" dstpinname="Input 1" srcnodeid="14" srcpinname="Y Output Value">
   </LINK>
   <NODE componentmode="InABox" id="2" nodename="IOBox (Value Advanced)">
   <BOUNDS height="0" left="15630" top="5940" type="Node" width="0">
   </BOUNDS>
   <BOUNDS height="240" left="15630" top="5940" type="Box" width="795">
   </BOUNDS>
   <BOUNDS height="160" left="16095" top="1680" type="Window" width="215">
   </BOUNDS>
   </NODE>
   <LINK dstnodeid="3" dstpinname="Input 2" srcnodeid="48" srcpinname="Y Output Value">
   </LINK>
   <LINK dstnodeid="15" dstpinname="Offset" srcnodeid="3" srcpinname="Output">
   </LINK>
   <NODE componentmode="Hidden" id="1" nodename="GetSlice (Spreads)">
   <BOUNDS height="0" left="8445" top="11865" type="Node" width="0">
   </BOUNDS>
   <PIN pinname="Input" visible="1">
   </PIN>
   <PIN pinname="Output" visible="1">
   </PIN>
   <PIN pinname="Index" visible="1">
   </PIN>
   </NODE>
   <LINK dstnodeid="1" dstpinname="Input" srcnodeid="16" srcpinname="Y Output Value">
   </LINK>
   <LINK dstnodeid="19" dstpinname="Rotate" srcnodeid="1" srcpinname="Output">
   </LINK>
   <LINK dstnodeid="1" dstpinname="Index" srcnodeid="48" srcpinname="Y Output Value">
   </LINK>
   <NODE componentmode="InABox" id="0" nodename="IOBox (Value Advanced)">
   <BOUNDS height="0" left="20100" top="9420" type="Node" width="0">
   </BOUNDS>
   <BOUNDS height="240" left="20100" top="9420" type="Box" width="795">
   </BOUNDS>
   <BOUNDS height="160" left="11745" top="8295" type="Window" width="215">
   </BOUNDS>
   <PIN pinname="Y Output Value" visible="1">
   </PIN>
   <PIN pinname="Y Input Value" visible="1">
   </PIN>
   </NODE>
   <LINK dstnodeid="34" dstpinname="Volume" srcnodeid="0" srcpinname="Y Output Value">
   </LINK>
   <LINK dstnodeid="39" dstpinname="Input" srcnodeid="31" srcpinname="Output">
   </LINK>
   <LINK dstnodeid="0" dstpinname="Y Input Value" srcnodeid="39" srcpinname="Output">
   </LINK>
   <NODE nodename="HSV (Color Join)" componentmode="Hidden" id="74">
   <BOUNDS type="Node" left="10440" top="12750" width="0" height="0">
   </BOUNDS>
   <PIN pinname="Output" visible="1">
   </PIN>
   <PIN pinname="Alpha" visible="1">
   </PIN>
   </NODE>
   <LINK srcnodeid="74" srcpinname="Output" dstnodeid="42" dstpinname="Color">
   </LINK>
   <NODE nodename="IOBox (Value Advanced)" componentmode="InABox" id="75">
   <BOUNDS type="Node" left="12360" top="9690" width="0" height="0">
   </BOUNDS>
   <BOUNDS type="Box" left="12360" top="9690" width="795" height="240">
   </BOUNDS>
   <BOUNDS type="Window" left="11145" top="7230" width="215" height="160">
   </BOUNDS>
   <PIN pinname="Y Output Value" visible="1">
   </PIN>
   <PIN pinname="Descriptive Name" slicecount="1" values="|alpha player ( num de circuit )|">
   </PIN>
   </NODE>
   <NODE nodename="GetSlice (Spreads)" componentmode="Hidden" id="76">
   <BOUNDS type="Node" left="12870" top="11895" width="0" height="0">
   </BOUNDS>
   <PIN pinname="Input" visible="1">
   </PIN>
   <PIN pinname="Index" visible="1">
   </PIN>
   <PIN pinname="Output" visible="1">
   </PIN>
   </NODE>
   <NODE nodename="Subtract (Value)" componentmode="Hidden" id="77">
   <BOUNDS type="Node" left="13125" top="11205" width="0" height="0">
   </BOUNDS>
   <PIN pinname="Input 2" visible="1">
   </PIN>
   <PIN pinname="Output" visible="1">
   </PIN>
   <PIN pinname="Input 1" visible="1">
   </PIN>
   </NODE>
   <NODE nodename="IOBox (Value Advanced)" componentmode="InABox" id="78">
   <BOUNDS type="Node" left="12600" top="10815" width="0" height="0">
   </BOUNDS>
   <BOUNDS type="Box" left="12600" top="10815" width="795" height="240">
   </BOUNDS>
   <BOUNDS type="Window" left="13185" top="6135" width="215" height="160">
   </BOUNDS>
   <PIN pinname="Y Input Value" slicecount="1" values="1">
   </PIN>
   <PIN pinname="Y Output Value" visible="1">
   </PIN>
   </NODE>
   <LINK srcnodeid="78" srcpinname="Y Output Value" dstnodeid="77" dstpinname="Input 2">
   </LINK>
   <LINK srcnodeid="73" srcpinname="Y Output Value" dstnodeid="76" dstpinname="Input">
   </LINK>
   <LINK srcnodeid="77" srcpinname="Output" dstnodeid="76" dstpinname="Index">
   </LINK>
   <LINK srcnodeid="75" srcpinname="Y Output Value" dstnodeid="77" dstpinname="Input 1">
   </LINK>
   <LINK srcnodeid="76" srcpinname="Output" dstnodeid="74" dstpinname="Alpha">
   </LINK>
   </PATCH>